{"cameraMode":{"drawMode":0,"name":"Shaded","section":"Shading Mode"},"sceneLighting":true,"audioPlay":false,"sceneViewState":{"m_AlwaysRefresh":false,"showFog":true,"showSkybox":true,"showFlares":true,"showImageEffects":true,"showParticleSystems":true,"showVisualEffectGraphs":true,"m_FxEnabled":false},"in2DMode":false,"pivot":{"x":0.8592516779899597,"y":1.9514753818511963,"z":-1.8120758533477784},"rotation":{"x":-0.20403867959976197,"y":0.3249526619911194,"z":-0.07201778143644333,"w":-0.9206474423408508},"size":0.2637341618537903,"orthographic":false}