{"cameraMode":{"drawMode":0,"name":"Shaded","section":"Shading Mode"},"sceneLighting":true,"audioPlay":false,"sceneViewState":{"m_AlwaysRefresh":false,"showFog":true,"showSkybox":true,"showFlares":true,"showImageEffects":true,"showParticleSystems":true,"showVisualEffectGraphs":true,"m_FxEnabled":false},"in2DMode":false,"pivot":{"x":-0.06067514419555664,"y":1.4597406387329102,"z":7.252538681030273},"rotation":{"x":-0.23797178268432618,"y":-0.08407509326934815,"z":0.02068205736577511,"w":-0.9674082398414612},"size":13.024314880371094,"orthographic":false}