{"cameraMode":{"drawMode":0,"name":"Shaded","section":"Shading Mode"},"sceneLighting":true,"audioPlay":false,"sceneViewState":{"m_AlwaysRefresh":false,"showFog":true,"showSkybox":true,"showFlares":true,"showImageEffects":true,"showParticleSystems":true,"showVisualEffectGraphs":true,"m_FxEnabled":false},"in2DMode":false,"pivot":{"x":-1.3332054615020753,"y":0.9203822612762451,"z":1.7052340507507325},"rotation":{"x":0.07847030460834503,"y":-0.15340028703212739,"z":0.012222046963870526,"w":0.9849720597267151},"size":5.938411712646484,"orthographic":true}