{"cameraMode":{"drawMode":0,"name":"Shaded","section":"Shading Mode"},"sceneLighting":true,"audioPlay":false,"sceneViewState":{"m_AlwaysRefresh":false,"showFog":true,"showSkybox":true,"showFlares":true,"showImageEffects":true,"showParticleSystems":true,"showVisualEffectGraphs":true,"m_FxEnabled":false},"in2DMode":false,"pivot":{"x":0.2809811234474182,"y":1.1880455017089844,"z":-3.259572982788086},"rotation":{"x":-0.22398802638053895,"y":-0.04937760531902313,"z":0.011363782919943333,"w":-0.9732735753059387},"size":1.3756263256072999,"orthographic":false}