{"cameraMode":{"drawMode":0,"name":"Shaded","section":"Shading Mode"},"sceneLighting":true,"audioPlay":false,"sceneViewState":{"m_AlwaysRefresh":false,"showFog":true,"showSkybox":true,"showFlares":true,"showImageEffects":true,"showParticleSystems":true,"showVisualEffectGraphs":true,"m_FxEnabled":false},"in2DMode":false,"pivot":{"x":1.6749999523162842,"y":1.1950000524520875,"z":-2.313042163848877},"rotation":{"x":-0.15612907707691194,"y":0.18433576822280885,"z":-0.029672514647245408,"w":-0.9699327945709229},"size":0.5637341737747192,"orthographic":false}