{"cameraMode":{"drawMode":0,"name":"Shaded","section":"Shading Mode"},"sceneLighting":true,"audioPlay":false,"sceneViewState":{"m_AlwaysRefresh":false,"showFog":true,"showSkybox":true,"showFlares":true,"showImageEffects":true,"showParticleSystems":true,"showVisualEffectGraphs":true,"m_FxEnabled":true},"in2DMode":false,"pivot":{"x":0.3009681701660156,"y":0.02884066104888916,"z":-0.3555119037628174},"rotation":{"x":-0.2380087971687317,"y":0.20531047880649568,"z":-0.05155225098133087,"w":-0.9479192495346069},"size":6.492552280426025,"orthographic":true}