{"cameraMode":{"drawMode":0,"name":"Shaded","section":"Shading Mode"},"sceneLighting":true,"audioPlay":false,"sceneViewState":{"m_AlwaysRefresh":false,"showFog":true,"showSkybox":true,"showFlares":true,"showImageEffects":true,"showParticleSystems":true,"showVisualEffectGraphs":true,"m_FxEnabled":false},"in2DMode":false,"pivot":{"x":-8.376201629638672,"y":-1.7788581848144532,"z":8.079116821289063},"rotation":{"x":0.28021153807640078,"y":-0.14473140239715577,"z":0.042779795825481418,"w":0.9480019211769104},"size":10.561446189880371,"orthographic":false}