{"cameraMode":{"drawMode":0,"name":"Shaded","section":"Shading Mode"},"sceneLighting":true,"audioPlay":false,"sceneViewState":{"m_AlwaysRefresh":false,"showFog":true,"showSkybox":true,"showFlares":true,"showImageEffects":true,"showParticleSystems":true,"showVisualEffectGraphs":true,"m_FxEnabled":false},"in2DMode":false,"pivot":{"x":-6.04201602935791,"y":3.989530086517334,"z":-1.4300994873046876},"rotation":{"x":0.04618251323699951,"y":0.0077738394029438499,"z":-0.0003600149939302355,"w":0.9989070296287537},"size":7.172603607177734,"orthographic":false}